{
    "cursorEnabled": true,
    "cursorSizeCm": 0.459570974111557,
    "cursorRingThickness": 0.14247363805770875,
    "activeCursorPreset": 0,
    "primaryCustomColor": {
        "r": 1.0,
        "g": 1.0,
        "b": 1.0,
        "a": 1.0
    },
    "secondaryCustomColor": {
        "r": 0.5404254198074341,
        "g": 0.07449106872081757,
        "b": 0.07449106872081757,
        "a": 1.0
    },
    "tertiaryCustomColor": {
        "r": 0.6498848795890808,
        "g": 0.19760015606880189,
        "b": 0.19760015606880189,
        "a": 1.0
    },
    "ctiEnabled": true,
    "ctiFilePath": "C:/Program Files/Ultraleap/TouchFree/SettingsUI/TouchFreeSettingsUI_Data/StreamingAssets\\CallToInteract/AirPush_Portrait.mp4",
    "ctiHideTrigger": 1,
    "ctiShowAfterTimer": 10.0,
    "StartupUIShown": false
}